operation_id,date,operation_type,amount,counterparty,category_final,subcategory_final,category_confidence,review_reason,highlighted_description
1528,2025-10-21,debit,672980.0,"ООО ""РАДУГА Н""",Закупки для производства,молочная продукция / сгущёнка,0.94,крупная сумма,"Оплата по счету № 475 от 21.10.2025. за крем на растит маслах д/ взбивания, сумма 34980,00 в т. ч. ндс 20% 5830,00; молокосодержащий продукт с заменит. мол. жира сумма 638000,00руб в тч ндс 10% 58000,00руб ."
1991,2025-11-24,debit,455200.0,"ООО ""РАДУГА Н""",Закупки для производства,молочная продукция / сгущёнка,0.94,крупная сумма,"Оплата по счету № 518 от 24.11.2025. за **маргарин** столовый, молокосодержащий продукт, сумма 275200-00. В том числе НДС 10%, 25018-18 руб. какао-порошок алкализированный, сумма 180000-00, в т. ч ндс 20% 30000-00."
1995,2025-11-24,debit,450000.0,"ООО ""РАДУГА Н""",Закупки для производства,сахар,0.94,крупная сумма,"Оплата по счету № 518 от 24.11.2025. за **маргарин** столовый, молокосодержащий продукт с **сахар**ом со вкусом ""вареная **сгущ**енка"". В том числе НДС 10%, 40909.09 руб.Частично"
1234,2025-09-30,debit,450000.0,"ООО ""РАДУГА Н""",Закупки для производства,масло / жиры,0.94,крупная сумма,"Оплата по счету № 445 от 30.09.2025. за заменитель молочного жира, сумма 213 000,00 в т. ч ндс 10% 19393,64 , **начинк**у кондитерскую пастеризованную термостабильную. сумма 237000,00. НДС 20% 39500,00 Частично"
2378,2025-12-18,debit,411200.0,"ООО ""РАДУГА Н""",Закупки для производства,масло / жиры,0.94,крупная сумма,"Оплата по счету № 546 от 18.12.2025. за **начинк**у кондит, ванилин, кокосовую стружку сумма 315200-00. В том числе НДС 20%, 52533-33 руб. , **маргарин**, сумма 96000-00, в т. ч ндс 10% 8727-27руб."
1820,2025-11-10,debit,383250.0,"ООО ""РАДУГА Н""",Закупки для производства,сахар,0.94,крупная сумма,"Оплата по счету № 499 от 10.11.2025. за **сахар**-песок. В том числе НДС 10%, 34840.91 руб."
2068,2025-11-27,debit,371700.0,"ООО ""РАДУГА Н""",Закупки для производства,сахар,0.94,крупная сумма,"Оплата по счету № 525 от 27.11.2025. **сахар**-песок, сумма 137400-00. В том числе НДС 10%, 12518-18 руб. полуфабрикат кондитерский, сумма 234000-00, в т. ч ндс 20% 39000-00 руб"
1932,2025-11-18,debit,369950.0,"ООО ""РАДУГА Н""",Закупки для производства,масло / жиры,0.94,крупная сумма,"Оплата по счету № 508 от 18.11.2025. за **маргарин** столовый, **маргарин** для слоенного теста. В том числе НДС 10%, 33631.82 руб."
2861,2026-02-03,debit,353750.0,"ООО ""РАДУГА Н""",Закупки для производства,масло / жиры,0.94,крупная сумма,"Оплата по счету № 31 от 03.02.2026. за ванилин сумма 123750-00. В том числе НДС 22%, 22315-57 руб. ; **маргарин** столовый 230000-00 в т. ч. ндс 10% 20909-09"
3012,2026-02-16,debit,330000.0,"ООО ""РАДУГА Н""",Закупки для производства,молочная продукция / сгущёнка,0.94,крупная сумма,"Оплата по счету № 43 от 10.02.2026. за молокосодержащий продукт, кондит. глазурь, кокосовую стружку, арахис обжаренный дробленый. В том числе НДС 22%, 59508.20 руб. частично."
1357,2025-10-10,debit,329450.0,"ООО ""РАДУГА Н""",Закупки для производства,сахар,0.94,крупная сумма,"Оплата по счету № 452 от 10.10.2025. за виноград сушеный ( изюм) "" Малояр"". сумма 79450,00,В том числе НДС 20%,13241,67, **сахар** песок сумма 250000,00 в т. ч ндс 10% 22727,27руб."
1312,2025-10-06,debit,325440.0,"ООО ""РАДУГА Н""",Закупки для производства,начинки / добавки,0.94,крупная сумма,"Оплата по счету № 452 от 06.10.2025. за виноград сушеный ( изюм) "" Малояр"". В том числе НДС 20%, 54240.00 руб."
1157,2025-09-22,debit,310200.0,"ООО ""РАДУГА Н""",Закупки для производства,сахар,0.94,крупная сумма,"Оплата по счету № 435 от 22.09.2025. за молокосодержащий продукт с заменителем молочного жира, с **сахар**ом со вкусом ""вареная **сгущ**енка"". В том числе НДС 10%, 28200.00 руб."
1639,2025-10-28,debit,305600.0,"ООО ""РАДУГА Н""",Закупки для производства,шоколад / какао,0.94,крупная сумма,"Оплата по счету № 481 от 28.10.2025. за **начинк**у кондитерскую, глазурь кондитерскую. В том числе НДС 20%, 50933.33 руб."
2734,2026-01-23,debit,300500.0,"ООО ""РАДУГА Н""",Закупки для производства,сахар,0.94,крупная сумма,"Оплата по счету № 18 от 23.01.2026. за **маргарин**, **сахар**-песок. В том числе НДС 10%, 27318.18 руб."
2720,2026-01-20,debit,297840.0,"ООО ""РАДУГА Н""",Закупки для производства,масло / жиры,0.94,крупная сумма,"Оплата по счету № 12 от 20.01.2026. за **маргарин**. В том числе НДС 10%, 27076.36 руб."
2569,2025-12-30,debit,283200.0,"ООО ""РАДУГА Н""",Закупки для производства,масло / жиры,0.94,крупная сумма,"Оплата по счету № 565 от 30.12.2025. за **маргарин**. В том числе НДС 10%, 25745.45 руб."
2235,2025-12-08,debit,279720.0,"ООО ""РАДУГА Н""",Закупки для производства,масло / жиры,0.94,крупная сумма,"Оплата по счету № 537 от 08.12.2025. за **начинк**у кондит, сумма 162720-00. В том числе НДС 20%, 27120.00 руб. , **маргарин**, сумма 117000-00, в т. ч ндс 10% 10636,36 руб"
1737,2025-11-05,debit,270480.0,"ООО ""РАДУГА Н""",Закупки для производства,масло / жиры,0.94,крупная сумма,"Оплата по упд № 491 от 05.11.2025. за **маргарин** для слоеного теста М570 70,0% ТЗ МАРГО 5х2, кор 10 кг. В том числе НДС 10%, 24589.09 руб"
934,2025-08-28,debit,270000.0,"ООО ""РАДУГА Н""",Закупки для производства,молочная продукция / сгущёнка,0.94,крупная сумма,"оплата по счету № 392 от 28.08.2025. за **маргарин** для слоеного теста, молокосодержащий продукт со вкусом ""йогурт"". В том числе НДС 10%, 24545.45 р"
1675,2025-10-31,debit,270000.0,"ООО ""КОМПАНИЯ ""ДОЛИНА СОЛНЦА""",Закупки для производства,прочее сырьё,0.82,крупная сумма,"Оплата по счету № 2544 от 29.10.2025г за кокосовую стружку. В том числе НДС 20%, 45000.00 руб."
2572,2025-12-30,debit,270000.0,"АО ""АЛЬФА-БАНК""",Персонал,подотчёт / хозяйственные нужды,0.82,крупная сумма,ПЕРЕВОД СР-В **ПОД ОТЧЕТ** НА ХОЗ.НУЖДЫ по //Реестру// от 30.12.2025 № 7100040031301225YUWQ к **Договор**у ПДС от 23.06.2025 № SP-848194. Общее кол-во п/д по //Реестру// 1
2414,2025-12-22,debit,260800.0,"ООО ""РАДУГА Н""",Закупки для производства,масло / жиры,0.94,крупная сумма,"Оплата по счету № 555 от 22.12.2025. за кондит. глазурь,сумма 100800-00. В том числе НДС 20%, 16800-00 руб. , **маргарин**, сумма 160000-00, в т. ч ндс 10% 14545-45 руб."
1103,2025-09-16,debit,260400.0,"ООО ""РАДУГА Н""",Закупки для производства,шоколад / какао,0.94,крупная сумма,Оплата по счету № 424 от 15.09.2025. за темную кондитерскую глазурь.
2816,2026-01-29,debit,257500.0,"ООО ""РАДУГА Н""",Закупки для производства,масло / жиры,0.94,крупная сумма,Оплата по счету № 24 от 29.01.2026. за **начинк**у кондитерскую сумма 115000-00. В том числе НДС 22% 20737-70; заменитель молочного жира 142900-00 в т. ч. ндс 10% 12954-55
1858,2025-11-13,debit,255000.0,"ООО ""РАДУГА Н""",Закупки для производства,шоколад / какао,0.94,крупная сумма,"Оплата по УПД № 505 от 13.11.2025. за полуфабрикат кондитерский глазурь. В том числе НДС 20%, 42500.00 руб."
3200,2026-03-02,debit,251050.0,"ООО ""РАДУГА Н""",Закупки для производства,масло / жиры,0.94,крупная сумма,"Оплата по счету № 64 от 26.02.2026. за кондитерскую глазурь.ванилин сумма 95950,00 В том числе НДС 22%, 17302-46 руб. за **маргарин** сумма 155100,00 в т. ч ндс 10% 14100-00."
1456,2025-10-16,debit,250420.0,"ООО ""РАДУГА Н""",Закупки для производства,масло / жиры,0.94,крупная сумма,"Оплата по счету № 467 от 16.10.2025. за виноград сушеный ( изюм) "" Малояр"". сумма 64400,00,. В том числе НДС 20%, 10733,33 руб., заменитель молочного жира сумма 186020,00 в т. ч ндс 10% 16910,91руб."
1128,2025-09-18,debit,249920.0,"ООО ""РАДУГА Н""",Закупки для производства,масло / жиры,0.94,крупная сумма,"Оплата по счету № 432 от 18.09.2025. за полуфабрикат кондитерский,сумма 209920-00 руб. в т. ч НДС 20% 34986-67 руб. Спред р/ж ""Крестьянское раздолье"", сумма 40000-00 руб ,В том числе НДС 10%, 3636-36 руб."
2721,2026-01-20,debit,243700.0,"ООО ""РАДУГА Н""",Закупки для производства,сахар,0.94,крупная сумма,"Оплата по счету № 13 от 20.01.2026г. за кондитерскую **начинк**у сумма 216200-00. В том числе НДС 22%, 38986-89 руб. , **сахар**-песок , сумма 27500-00, в т. ч ндс 10% 2500-00руб."
2952,2026-02-10,debit,240000.0,"ООО ""РАДУГА Н""",Закупки для производства,молочная продукция / сгущёнка,0.94,крупная сумма,"Оплата по счету № 43 от 10.02.2026. за молокосодержащий продукт, кондит. глазурь, кокосовую стружку, арахис обжаренный дробленый. В том числе НДС 22%, 43278.69 руб. частично."
1673,2025-10-31,debit,229600.0,"ООО ""РАДУГА Н""",Закупки для производства,масло / жиры,0.94,крупная сумма,"Оплата по счету № 489 от 31.10.2025. за **маргарин** для слоеного теста МАРГО. В том числе НДС 10%, 20872.73 руб."
1323,2025-10-07,debit,222180.0,ИП Баскаков С. А.,Аренда и коммунальные платежи,аренда,0.96,крупная сумма,"Оплата по счету № 7220 от 01.10.2025г. Постоянная часть **аренд**ной платы по **договор**у Б/О-56/25 от 25.06.2025. за октябрь 2025г.В том числе НДС 5%, 10580.00 руб."
2632,2026-01-12,debit,222180.0,ИП Баскаков С. А.,Аренда и коммунальные платежи,аренда,0.96,крупная сумма,"Оплата по счету № 56 от 01.01.2026г. Постоянная часть **аренд**ной платы по **договор**у Б/О-56/25 от 25.06.2025. за январь 2026г.В том числе НДС 5%, 10580.00 руб."
1773,2025-11-06,debit,222180.0,ИП Баскаков С. А.,Аренда и коммунальные платежи,аренда,0.96,крупная сумма,"Оплата по счету № 8010 от 01.11.2025г. Постоянная часть **аренд**ной платы по **договор**у Б/О-56/25 от 25.06.2025. за ноябрь 2025г.В том числе НДС 5%, 10580.00 руб."
2232,2025-12-08,debit,222180.0,ИП Баскаков С. А.,Аренда и коммунальные платежи,аренда,0.96,крупная сумма,"Оплата по счету № 8785 от 01.12.2025г. Постоянная часть **аренд**ной платы по **договор**у Б/О-56/25 от 25.06.2025. за декабрь 2025г.В том числе НДС 5%, 10580.00 руб."
1023,2025-09-08,debit,222180.0,ИП Баскаков С. А.,Аренда и коммунальные платежи,аренда,0.96,крупная сумма,"Оплата по упд № 504 от 31.08.2025г. Постоянная часть **аренд**ной платы по **договор**у Б/О-56/25 от 25.06.2025. за сентябрь 2025г. числе НДС 5%, 10580.00 руб. В том числе НДС 5%, 10580.00 руб."
3765,2026-04-09,debit,222180.0,ИП Баскаков С. А.,Аренда и коммунальные платежи,аренда,0.96,крупная сумма,"Оплата по счету № 469 от 01.04.2026г. Постоянная часть **аренд**ной платы по **договор**у Б/О-56/25 от 25.06.2025. за апрель 2026г.В том числе НДС 5%, 10580.00 руб."
2938,2026-02-09,debit,222180.0,ИП Баскаков С. А.,Аренда и коммунальные платежи,аренда,0.96,крупная сумма,"Оплата по счету № 194 от 01.02.2026г. Постоянная часть **аренд**ной платы по **договор**у Б/О-56/25 от 25.06.2025. за февраль 2026г.В том числе НДС 5%, 10580.00 руб."
732,2025-08-08,debit,222180.0,ИП Баскаков С. А.,Аренда и коммунальные платежи,аренда,0.96,крупная сумма,"Оплата по счету № 5683 от 01.08. 2025г. Постоянная часть **аренд**ной платы по **договор**у Б/О-56/25 от 25.06.2025. за август 2025г. В том числе НДС 5%, 10580.00 руб."
3291,2026-03-10,debit,222180.0,ИП Баскаков С. А.,Аренда и коммунальные платежи,аренда,0.96,крупная сумма,"Оплата по счету № 329 от 01.03.2026г. Постоянная часть **аренд**ной платы по **договор**у Б/О-56/25 от 25.06.2025. за март 2026г.В том числе НДС 5%, 10580.00 руб."
1569,2025-10-24,debit,220800.0,"ООО ""РАДУГА Н""",Закупки для производства,молочная продукция / сгущёнка,0.94,крупная сумма,"Оплата по счету № 479 от 24.10.2025. за молокосодержащий продукт с заменит. мол. жира сумма. В том числе НДС 10%, 20072.73 руб."
3290,2026-03-10,debit,220486.0,ИП Баскаков С. А.,Аренда и коммунальные платежи,аренда,0.96,крупная сумма,"Оплата по сету № 392 от 01.03.2026г. Переменная часть **аренд**ной платы по **договор**у Б/О-56/25 от 25.06.2025. за февраль 2026г. В том числе НДС 5%, 10499.33 руб."
980,2025-09-02,debit,220050.0,"ООО ""РАДУГА Н""",Закупки для производства,масло / жиры,0.94,крупная сумма,"оплата по счету № 403 от 02.09..2025. за **маргарин** для слоеного теста M570 70,0%, N3 МАРГО . В том числе НДС 10%, 20004.55 руб."
2354,2025-12-17,debit,217500.0,"ООО ""МЕЛАНЖ""",Закупки для производства,яйца / меланж,0.94,крупная сумма,"Оплата по УПД № 3159 от 03.12..2025. за **меланж** яичный пастеризованный. В том числе НДС 10%, 19772.73 руб."
2278,2025-12-11,debit,217410.0,ИП Мадоян Александр Мартинович,Аренда и коммунальные платежи,аренда,0.96,крупная сумма,"Оплата по счету № 122 от 01.12.2025. переменная часть **аренд**ной платы по **договор**у № 11/2025 от 01.11.2025г. за ноябрь 2025г. В том числе НДС 5%, 10352.86 руб."
455,2025-07-08,debit,211600.0,ИП Баскаков С. А.,Аренда и коммунальные платежи,аренда,0.96,крупная сумма,Оплата по счету № 5140 от 25.06. 2025г. **Депозит** ( обеспечительный платеж) по **Договор**у Б/О-56/25 от 25.06.2025. НДС не облагается
1435,2025-10-14,debit,210180.0,"ООО ""РАДУГА Н""",Закупки для производства,начинки / добавки,0.94,крупная сумма,"Оплата по счету № 465 от 14.10.2025. за виноград сушеный ( изюм) "" Малояр"". В том числе НДС 20%, 35030.00 руб."
2970,2026-02-13,debit,210000.0,"ООО ""РАДУГА Н""",Закупки для производства,молочная продукция / сгущёнка,0.94,крупная сумма,"Оплата по счету № 43 от 10.02.2026. за молокосодержащий продукт, кондит. глазурь, кокосовую стружку, арахис обжаренный дробленый. В том числе НДС 22%, 37868.85 руб. частично."
644,2025-07-31,debit,206300.0,"ООО ""ГИЛЬДИЯ ""РОМБ""",Закупки для производства,сахар,0.94,крупная сумма,"Оплата по сч. № 412 от 31.07.2025г. за **сахар**, **маргарин** молочный. В том числе НДС 10%, 18754.55 руб."
1038,2025-09-09,debit,200220.0,"ООО ""РАДУГА Н""",Закупки для производства,молочная продукция / сгущёнка,0.94,крупная сумма,"оплата по счету № 411 от 09.09.2025. за молокосодержащий продукт с заменителем молочного жира "" вареная **сгущ**енка"". В том числе НДС 10%, 18201.82 руб"
2291,2025-12-12,debit,200000.0,"ООО ""РАДУГА Н""",Закупки для производства,масло / жиры,0.94,крупная сумма,"Оплата по счету № 542 от 12.12.2025. за **начинк**у кондит, сумма 79200-00. В том числе НДС 20%, 13200-00 руб. , **маргарин**, сумма 120800-00, в т. ч ндс 10% 10981-82руб."
3645,2026-04-02,debit,200000.0,"ООО ""РАДУГА Н""",Закупки для производства,масло / жиры,0.94,крупная сумма,"Оплата по счету № 99 от 02.04.2026. за **маргарин** столовый молочный. В том числе НДС 10%, 18181.82 руб. частично."
3887,2026-04-20,debit,200000.0,"ООО ""РАДУГА Н""",Закупки для производства,молочная продукция / сгущёнка,0.94,крупная сумма,"Оплата по счету № 99 от 02.04.2026. за молокосод. продукт с заменителем мол. жира. В том числе НДС 22%, 36065.57 руб"
1063,2025-09-12,debit,199980.0,"ООО ""РАДУГА Н""",Закупки для производства,молочная продукция / сгущёнка,0.94,крупная сумма,"Оплата по счету № 419 от 12.09.2025 за молокосодержащий продукт с заменителем молочного жира со вкусом "" Ванильно-сливочный"". В том числе НДС 10%, 18180.00 руб."
859,2025-08-22,debit,199100.0,"ООО ""СОЛНЕЧНАЯ ДОЛИНА""",Закупки для производства,начинки / добавки,0.94,крупная сумма,"Оплата по счету № 32 от 01. 07.2025г. за пирожное "" Наполеон"". В том числе НДС 10%, 18100.00 руб."
949,2025-08-29,debit,198000.0,"ООО ""СОЛНЕЧНАЯ ДОЛИНА""",Закупки для производства,начинки / добавки,0.94,крупная сумма,"Оплата по УПД 457/1 от 08. 07. 2025г. за пирожное "" Наполеон"" . В том числе НДС 10%, 18000.00 руб."
524,2025-07-15,debit,193200.0,ИП Баскаков С. А.,Аренда и коммунальные платежи,аренда,0.96,крупная сумма,"Оплата по счету № 5141 от 01.07. 2025г. Постоянная часть **аренд**ной платы по **договор**у Б/О-56/25 от 25.06.2025. за июль 2025г. В том числе НДС 5%, 9200.00 руб."
840,2025-08-20,debit,190000.0,"ООО ""РАДУГА Н""",Закупки для производства,масло / жиры,0.94,крупная сумма,"оплата по счету № 379 от 20.08.2025. за **маргарин** для слоеного теста. В том числе НДС 10%, 17272.73 руб."
2633,2026-01-12,debit,188527.5,ИП Баскаков С. А.,Аренда и коммунальные платежи,аренда,0.96,крупная сумма,"Оплата по сету № 117 от 01.01.2026г. Переменная часть **аренд**ной платы по **договор**у Б/О-56/25 от 25.06.2025. за декабрь 2025г. В том числе НДС 5%, 8977.50 руб."
900,2025-08-25,debit,181440.0,"ООО ""РАДУГА Н""",Закупки для производства,масло / жиры,0.94,крупная сумма,"оплата по счету № 384 от 23.08.2025. за **масло** Вивид 5л раф. В том числе НДС 10%, 16494.55 руб."
286,2025-06-09,debit,180000.0,"ООО ""ГИЛЬДИЯ ""РОМБ""",Закупки для производства,сахар,0.94,крупная сумма,"Оплата по сч. № 302 от 09.06.2025, за **маргарин**, **сахар**. В том числе НДС 10%, 16363.64 руб. частично."
766,2025-08-12,debit,179860.0,"ООО ""РАДУГА Н""",Закупки для производства,молочная продукция / сгущёнка,0.94,крупная сумма,"Оплата по счету № 366 от 12.08.2025. за **маргарин** для слоеного теста, молокосодержащий продукт с заменителем молочного жира со вкусом ""Ванильно- сливочный"". В том числе НДС 10%, 16350.91 руб"
3302,2026-03-11,debit,170000.0,"ООО ""РАДУГА Н""",Закупки для производства,масло / жиры,0.94,крупная сумма,"Оплата по счету № 74 от 10.03.2026. . за **маргарин**. В том числе НДС 10%, 15454.55 руб.частично"
4003,2026-04-27,debit,170000.0,"ООО ""РАДУГА Н""",Закупки для производства,масло / жиры,0.94,крупная сумма,"Оплата по счету № 116 от 22.04.2026. за **маргарин**. В том числе НДС 10%, 15454.55 руб. частично"
2705,2026-01-19,debit,165000.0,"ООО ""МЕЛАНЖ""",Закупки для производства,яйца / меланж,0.94,крупная сумма,"Оплата по УПД № 3259 от 22.12.2025. за **меланж** яичный пастеризованный. В том числе НДС 10%, 15000.00 руб."
2230,2025-12-08,debit,161167.0,ИП Баскаков С. А.,Аренда и коммунальные платежи,аренда,0.96,крупная сумма,"Оплата по сету № 9083 от 01.12.2025г. Переменная часть **аренд**ной платы по **договор**у Б/О-56/25 от 25.06.2025. за ноябрь 2025г. В том числе НДС 5%, 7674.62 руб."
2940,2026-02-09,debit,158264.0,ИП Баскаков С. А.,Аренда и коммунальные платежи,аренда,0.96,крупная сумма,"Оплата по сету № 259 от 01.02.2026г. Переменная часть **аренд**ной платы по **договор**у Б/О-56/25 от 25.06.2025. за январь 2026г. В том числе НДС 5%, 7536.38 руб."
4101,2026-05-04,debit,150000.0,"ООО ""РАДУГА Н""",Закупки для производства,шоколад / какао,0.94,крупная сумма,"Оплата по счету № 116 от 22.04.2026. за п/ф кондитерский глазурь. В том числе НДС 22%, 27049.18 руб. частично"
3403,2026-03-17,debit,150000.0,"ООО ""КЗГ""",Упаковка и расходники,печатные формы,0.86,крупная сумма,"Оплата по упд № 107 от 23.02.2026. за гофро**короб** В том числе НДС 22%, 27049.18 руб. частично"
3076,2026-02-19,debit,150000.0,"ООО ""РАДУГА Н""",Закупки для производства,молочная продукция / сгущёнка,0.94,крупная сумма,"Оплата по счету № 51 от 19.02.2026. за молокосодержащий продукт, кондитерскую глазурь. В том числе НДС 22%, 27049.18 руб."
746,2025-08-08,debit,149400.0,"ООО ""ТРАСТИНГ""",Закупки для производства,масло / жиры,0.94,крупная сумма,"Оплата по счету № 3161 от 08.08.2025 за **маргарин**, **масло** подсолнечное. В том числе НДС 10%, 13581.82 руб."
3777,2026-04-10,debit,145000.0,ИП Баскаков С. А.,Аренда и коммунальные платежи,аренда,0.96,крупная сумма,"Оплата по счету № 533 от 01.04.2026г. Переменная часть **аренд**ной платы по **договор**у Б/О-56/25 от 25.06.2025. за март 2026г. В том числе НДС 5%, 6904.76 руб. частично."
1768,2025-11-06,debit,142058.5,ИП Баскаков С. А.,Аренда и коммунальные платежи,аренда,0.96,крупная сумма,"Оплата по сету № 8312 от 01.11.2025г. Переменная часть **аренд**ной платы по **договор**у Б/О-56/25 от 25.06.2025. за октябрь 2025г. В том числе НДС 5%, 6764.69 руб."
2277,2025-12-11,debit,141084.0,ИП Мадоян Александр Мартинович,Аренда и коммунальные платежи,аренда,0.96,крупная сумма,"Оплата по счету № 121 от 01.12.2025. постоянная часть **аренд**ной платы по **договор**у № 11/2025 от 01.11.2025г. за ноябрь 2025г. В том числе НДС 5%, 6718.29 руб."
1354,2025-10-09,debit,140150.0,ИП Баскаков С. А.,Аренда и коммунальные платежи,аренда,0.96,крупная сумма,"Оплата по сету № 7527 от 01.10.2025г. Переменная часть **аренд**ной платы по **договор**у Б/О-56/25 от 25.06.2025. за сентябрь 2025г. В том числе НДС 5%, 6673.81 руб. 5997"
3447,2026-03-20,debit,140000.0,"ООО ""РАДУГА Н""",Закупки для производства,масло / жиры,0.94,крупная сумма,"Оплата по счету № 74 от 10.03.2026. . за заменитель молочного жира. В том числе НДС 10%, 12727.27 руб. частично"
321,2025-06-16,debit,138550.0,"ООО ""ГИЛЬДИЯ ""РОМБ""",Закупки для производства,мука,0.94,крупная сумма,"Оплата по сч. № 314 от 16.06.2025, за **маргарин**, **сахар**, **мук**у. В том числе НДС 10%, 12595.45 руб."
2161,2025-12-03,debit,138500.0,"ООО ""МЕЛАНЖ""",Закупки для производства,яйца / меланж,0.94,крупная сумма,"Оплата по УПД № 3091 от 20.11.2025. за **меланж** яичный пастеризованный. В том числе НДС 10%, 12590.91 руб."
745,2025-08-08,debit,135000.0,"ООО ""КОМПАНИЯ ""ДОЛИНА СОЛНЦА""",Закупки для производства,прочее сырьё,0.82,крупная сумма,"Оплата по счету № 1787 от 08.08..2025г за кокосовую стружку. В том числе НДС 20%, 22500.00"
1861,2025-11-13,debit,130000.0,"АО ""ТУЛАХЛЕБОПРОДУКТ""",Закупки для производства,мука,0.94,крупная сумма,"Оплата по упд № 2310-0000005, № 2310-0000006 от 23.10.2025. за **мук**у пшеничную хлебопекарную в/с. В том числе НДС 10%, 11818.18 руб"
2504,2025-12-26,debit,130000.0,"АО ""ТУЛАХЛЕБОПРОДУКТ""",Закупки для производства,мука,0.94,крупная сумма,"Оплата по упд № 412-0000006 от 04.12.2025., № 812-0000005 от 08.12.2025. за **мук**у пшеничную хлебопекарную в/с. В том числе НДС 10%, 11818.18 руб."
3966,2026-04-24,debit,130000.0,"ООО ""МЕЛАНЖ""",Закупки для производства,яйца / меланж,0.94,крупная сумма,"Оплата по УПД № 340 от 20.03.2026 за **меланж** яичный пастеризованный. В том числе НДС 10%, 11818.18 руб. частично."
2672,2026-01-14,debit,130000.0,"АО ""ТУЛАХЛЕБОПРОДУКТ""",Закупки для производства,мука,0.94,крупная сумма,"Оплата по упд № 1512-0000005 от 15.12.2025., № 2212-0000007 от 22.12.2025. за **мук**у пшеничную хлебопекарную в/с. В том числе НДС 10%, 11818.18 руб."
2162,2025-12-03,debit,125400.0,"ООО ""АРТКОНДИ""",Закупки для производства,масло / жиры,0.94,крупная сумма,"Оплата по счету № 9 от 15.11.2025 за **начинк**у кондитерскую, крем на раст. маслах. В том числе НДС 20%, 20900.00 руб."
814,2025-08-18,debit,120000.0,"ООО ""ТК ""ШЕБЕКИНСКИЙ КАРТОН""",Упаковка и расходники,коробки,0.94,крупная сумма,"Оплата по УПД № 1769 от 23.07.2025 за гофролоток. В том числе НДС 20%, 20000.00 руб. частично."
2507,2025-12-26,debit,119700.0,"ООО ""АРТКОНДИ""",Закупки для производства,масло / жиры,0.94,крупная сумма,"Оплата по счету № 15 от 28.11.2025 за **начинк**у кондитерскую, крем на раст. маслах. В том числе НДС 20%, 19950.00 руб."
3121,2026-02-25,debit,119500.0,"ООО ""РАДУГА Н""",Закупки для производства,молочная продукция / сгущёнка,0.94,крупная сумма,"Оплата по счету № 51 от 19.02.2026. за молокосодержащий продукт, кондитерскую глазурь. В том числе НДС 22%, 21549.18 руб."
1996,2025-11-24,debit,114004.8,"ООО ""АРТКОНДИ""",Закупки для производства,масло / жиры,0.94,крупная сумма,"Оплата по счету № 3 от 03.11.2025 за **начинк**у кондитерскую , крем на растительных маслах. В том числе НДС 20%, 19000.80 руб"
3055,2026-02-18,debit,113850.0,"ООО ""РАДУГА Н""",Закупки для производства,молочная продукция / сгущёнка,0.94,крупная сумма,"Оплата по счету № 43 от 10.02.2026. за молокосодержащий продукт, кондит. глазурь, кокосовую стружку, арахис обжаренный дробленый. В том числе НДС 22%, 20530.33 руб."
624,2025-07-28,debit,112260.0,"ООО ""ГИЛЬДИЯ ""РОМБ""",Закупки для производства,масло / жиры,0.94,крупная сумма,"Оплата по сч. № 405 от 28.07.2025г. за **маргарин** для слоеных изделий, **маргарин** молочный. В том числе НДС 10%, 10205.45 руб. р"
1815,2025-11-10,debit,110250.0,"ООО ""МЕЛАНЖ""",Закупки для производства,яйца / меланж,0.94,крупная сумма,"Оплата по УПД № 2959 от 27.10.2025. за **меланж** яичный пастеризованный, **белок** яичный пастеризовванный. В том числе НДС 10%, 10022.73 руб."
2283,2025-12-11,debit,110200.0,"ООО ""АРТКОНДИ""",Закупки для производства,масло / жиры,0.94,крупная сумма,"Оплата по счету № 10 от 22.11.2025 за **начинк**у кондитерскую, крем на раст. маслах. В том числе НДС 20%, 18366.67 руб."
734,2025-08-08,debit,109351.5,ИП Баскаков С. А.,Аренда и коммунальные платежи,аренда,0.96,крупная сумма,"Оплата по счету № 5141 от 01.08. 2025г. Переменная часть **аренд**ной платы по **договор**у Б/О-56/25 от 25.06.2025. за июль 2025г. В том числе НДС 5%, 5207.21 руб.5997"
791,2025-08-15,debit,109350.0,"ООО ""РАДУГА Н""",Закупки для производства,молочная продукция / сгущёнка,0.94,крупная сумма,"Оплата по счету № 372 от 15.08.2025. за **маргарин** для слоеного теста, молокосодержащий продукт с заменителем молочного жира со вкусом ""Ванильно- сливочный"". В том числе НДС 10%, 9940.91 руб."
2117,2025-12-01,debit,104200.0,"ООО ""ДОЛПАК""",Упаковка и расходники,плёнка,0.94,крупная сумма,"Оплата по сч. № 1158 от 28.11.2025. за бумагу подпергамент, пергамент, пленка ТУ ПОФ.В том числе НДС 20%, 17366.67 руб.1158"
2281,2025-12-11,debit,103300.0,"ООО ""МЕЛАНЖ""",Закупки для производства,яйца / меланж,0.94,крупная сумма,"Оплата по УПД № 3125 от 27.11.2025. за **меланж** яичный пастеризованный. В том числе НДС 10%, 9390.91 руб."
3798,2026-04-13,debit,103100.0,"ООО ""РАДУГА Н""",Закупки для производства,молочная продукция / сгущёнка,0.94,крупная сумма,"Оплата по счету № 99 от 02.04.2026. за молокосод. продукт с заменителем мол. жира. В том числе НДС 22%, 18591.80 руб. частично."
1024,2025-09-08,debit,103008.0,ИП Баскаков С. А.,Аренда и коммунальные платежи,аренда,0.96,крупная сумма,"Оплата по упд № 504 от 31.08. 2025г. Переменная часть **аренд**ной платы по **договор**у Б/О-56/25 от 25.06.2025. за август 2025г. В том числе НДС 5%, 4905.14 руб. 5997"
979,2025-09-02,debit,102600.0,"ООО ""ФРУТКРЕМ БЕЛОВА""",Закупки для производства,молочная продукция / сгущёнка,0.94,крупная сумма,"Оплата по счету № 160 от 20. 08.2025г за **начинк**у кондитерскую со вкусом ванили, пломбира, вареной **сгущ**енки. В том числе НДС 20%, 17100.00 руб."
2069,2025-11-27,debit,100700.0,"ООО ""АРТКОНДИ""",Закупки для производства,начинки / добавки,0.94,крупная сумма,"Оплата по счету № 4 от 06.11.2025 за **начинк**у кондитерскую . В том числе НДС 20%, 16783.33 руб"
3401,2026-03-17,debit,100000.0,"ООО ""РАДУГА Н""",Закупки для производства,масло / жиры,0.94,крупная сумма,"Оплата по счету № 74 от 10.03.2026. . за **маргарин**. В том числе НДС 10%, 9090.91 руб. частично"
3443,2026-03-19,debit,100000.0,"ООО ""РАДУГА Н""",Закупки для производства,масло / жиры,0.94,крупная сумма,"Оплата по счету № 74 от 10.03.2026. . за **маргарин**. В том числе НДС 10%, 9090.91 руб. частично"
3442,2026-03-19,debit,100000.0,"ООО ""КЗГ""",Упаковка и расходники,печатные формы,0.86,крупная сумма,"Оплата по упд № 107 от 23.02.2026. за гофро**короб**. В том числе НДС 22%, 18032.79 руб. частично"
3161,2026-02-26,debit,100000.0,"ООО ""РАДУГА Н""",Закупки для производства,шоколад / какао,0.94,крупная сумма,"Оплата по счету № 64 от 26.02.2026. за кондитерскую глазурь. В том числе НДС 22%, 18032.79 руб. частично."
3293,2026-03-10,debit,100000.0,"ООО ""ДОЛПАК""",Упаковка и расходники,плёнка,0.94,крупная сумма,"Оплата по сч. 96 от 30.01.2026. за бумагу подпергамент, пленка ТУ ПОФ. В том числе НДС 22%, 18032.79 руб. частично."
3477,2026-03-23,debit,100000.0,"ООО ""КЗГ""",Упаковка и расходники,печатные формы,0.86,крупная сумма,"Оплата по упд № 117 от 26.02.2026. за гофро**короб**. В том числе НДС 22%, 18032.79 руб. частично."
3471,2026-03-23,debit,100000.0,"ООО ""РАДУГА Н""",Закупки для производства,масло / жиры,0.94,крупная сумма,"Оплата по счету № 74 от 10.03.2026. . за заменитель молочного жира. В том числе НДС 10%, 9090.91 руб. частично"
2505,2025-12-26,debit,100000.0,"ООО ""ТК ""ШЕБЕКИНСКИЙ КАРТОН""",Упаковка и расходники,коробки,0.94,крупная сумма,"Оплата по УПД № 3041 от 08.12.2025. за гофролоток 295 195 76. В том числе НДС 20%, 16666.67 руб. Частично"
1433,2025-10-14,debit,100000.0,"ООО ""ТК ""ШЕБЕКИНСКИЙ КАРТОН""",Упаковка и расходники,коробки,0.94,крупная сумма,"Оплата по УПД № 2299 от 21.09.2025 за гофролоток 295 195 76. частично. В том числе НДС 20%, 16666.67 руб."
3520,2026-03-25,debit,100000.0,"ООО ""РАДУГА Н""",Закупки для производства,молочная продукция / сгущёнка,0.94,крупная сумма,"Оплата по счету № 74 от 10.03.2026. . за кондитерскую глазурь , молокосод. продукт. частично. В том числе НДС 22%, 18032.79 руб."
1889,2025-11-17,debit,100000.0,"ООО ""ТК ""ШЕБЕКИНСКИЙ КАРТОН""",Упаковка и расходники,коробки,0.94,крупная сумма,"Оплата по УПД № 2617 от 14.11.2025. за гофролоток 295 195 76. В том числе НДС 20%, 16 666.67 руб."
3521,2026-03-25,debit,100000.0,"ООО ""КЗГ""",Упаковка и расходники,печатные формы,0.86,крупная сумма,"Оплата по упд № 117 от 26.02.2026. за гофро**короб**. В том числе НДС 22%, 18032.79 руб. частично."
322,2025-06-17,debit,100000.0,"ООО ""ТК ""ШЕБЕКИНСКИЙ КАРТОН""",Упаковка и расходники,коробки,0.94,крупная сумма,"Оплата по УПД № 1288 от 28.05.2025 за гофролоток. В том числе НДС 20%, 16666.67 руб. Частично."
1866,2025-11-14,debit,100000.0,"ООО ""ТК ""ШЕБЕКИНСКИЙ КАРТОН""",Упаковка и расходники,коробки,0.94,крупная сумма,"Оплата по УПД № 2617 от 14.11.2025. за гофролоток 295 195 76. В том числе НДС 20%, 16666.67 руб. частично"
4067,2026-04-29,debit,100000.0,"ООО ""РАДУГА Н""",Закупки для производства,масло / жиры,0.94,крупная сумма,"Оплата по счету № 116 от 22.04.2026. за **маргарин**. В том числе НДС 10%, 9090.91 руб. частично"
4177,2026-05-08,debit,100000.0,"ООО ""РАДУГА Н""",Закупки для производства,шоколад / какао,0.94,крупная сумма,"Оплата по счету № 116 от 22.04.2026. за п/ф кондитерский глазурь. В том числе НДС 22%, 18032.79 руб. частично"
3567,2026-03-30,debit,100000.0,"ООО ""КЗГ""",Упаковка и расходники,печатные формы,0.86,крупная сумма,"Оплата по упд № 117 от 26.02.2026. за гофро**короб**. В том числе НДС 22%, 18032.79 руб. частично."
1434,2025-10-14,debit,100000.0,"ООО ""МЕЛАНЖ""",Закупки для производства,яйца / меланж,0.94,крупная сумма,"Оплата по УПД № 2089 от 30.09.2025. за **меланж** яичный пастеризованный. В том числе НДС 10%, 9090.91 руб. частично"
3628,2026-04-01,debit,100000.0,"ООО ""КЗГ""",Упаковка и расходники,печатные формы,0.86,крупная сумма,"Оплата по упд № 117 от 26.02.2026. за гофро**короб**. В том числе НДС 22%, 18032.79 руб. частично."
3958,2026-04-23,debit,100000.0,"ООО ""РАДУГА Н""",Закупки для производства,масло / жиры,0.94,крупная сумма,"Оплата по счету № 116 от 22.04.2026. за **маргарин**. В том числе НДС 10%, 9090.91 руб. частично"
3730,2026-04-07,debit,100000.0,"ООО ""РАДУГА Н""",Закупки для производства,молочная продукция / сгущёнка,0.94,крупная сумма,"Оплата по счету № 99 от 02.04.2026. за молокосод. продукт с заменителем мол. жира. В том числе НДС 22%, 18032.79 руб. частично."
1857,2025-11-13,debit,100000.0,"ООО ""ТК ""ШЕБЕКИНСКИЙ КАРТОН""",Упаковка и расходники,коробки,0.94,крупная сумма,"Оплата по УПД № 2617 от 14.11.2025. за гофролоток 295 195 76. В том числе НДС 20%, 16666.67 руб. частично"
1457,2025-10-16,debit,100000.0,"ООО ""ТК ""ШЕБЕКИНСКИЙ КАРТОН""",Упаковка и расходники,коробки,0.94,крупная сумма,"Оплата по УПД № 2299 от 21.09.2025 за гофролоток 295 195 76. В том числе НДС 20%, 16666.67 руб"
3674,2026-04-06,debit,100000.0,"ООО ""РАДУГА Н""",Закупки для производства,масло / жиры,0.94,крупная сумма,"Оплата по счету № 99 от 02.04.2026. за **маргарин** столовый молочный. В том числе НДС 10%, 9090.91 руб. частично."
2352,2025-12-17,debit,99787.8,"ООО ""ЛЕГИОН""",Закупки для производства,начинки / добавки,0.94,крупная сумма,"Оплата по счету № 91 от 16.12.2025г. за смесь подсластителей "" Мульт"". В том числе НДС 20%, 16631.30 руб."
1665,2025-10-30,debit,99787.8,"ООО ""ЛЕГИОН""",Закупки для производства,начинки / добавки,0.94,крупная сумма,"Оплата по счету № 68 от 29.10.2025г. за смесь подсластителей "" Мульт"". В том числе НДС 20%, 16631.30 руб."
3651,2026-04-03,debit,99239.97,АО ВТБ ЛИЗИНГ,Кредиты и займы,неизвестно,0.92,крупная сумма,"Оплата **лизинг**ового платежа по **договор**у **лизинг**а № АЛ 240073/01-24 от 07 февраля 2024г. Сумма 99 239,97 В том числе НДС 22%, 17895.73 руб."
4105,2026-05-04,debit,99239.97,АО ВТБ ЛИЗИНГ,Кредиты и займы,неизвестно,0.92,крупная сумма,"Оплата **лизинг**ового платежа по **договор**у **лизинг**а № АЛ 240073/01-24 от 07 февраля 2024г. Сумма 99 239,97 В том числе НДС 22%, 17895.73 руб."
2067,2025-11-27,debit,97000.0,"ООО ""МЕЛАНЖ""",Закупки для производства,яйца / меланж,0.94,крупная сумма,"Оплата по УПД № 3052 от 13.11.2025. за **меланж** яичный пастеризованный. В том числе НДС 10%, 8818.18 руб."
1440,2025-10-15,credit,95800.0,"ООО ""ТОРГСЕРВИС 150""",Выручка от клиентов,оплата,0.86,крупная сумма,Оплата за товар согласно **договор**у поставки № ТС150/25-241ПМСК от 31.12.2024 МО гДомодедово мкрСеверный улЛогистическая стр10/1. Сумма 95800-00 В т.ч. НДС(10%) 8709-09
2675,2026-01-14,debit,95000.0,"ООО ""ФРУТКРЕМ БЕЛОВА""",Закупки для производства,начинки / добавки,0.94,крупная сумма,"Оплата по упд №178 от 19.12.2025 за **начинк**у кондитерскую. В том числе НДС 20%, 15833.33 руб."
1106,2025-09-16,debit,95000.0,"ООО ""ФРУТКРЕМ БЕЛОВА""",Закупки для производства,начинки / добавки,0.94,крупная сумма,"Оплата по упд № 171 от 31. 08.2025г за **начинк**у кондитерскую со вкусом ванили. В том числе НДС 20%, 15833.33"
1022,2025-09-08,debit,95000.0,"ООО ""ФРУТКРЕМ БЕЛОВА""",Закупки для производства,начинки / добавки,0.94,крупная сумма,"Оплата по упд № 163 от 23. 08.2025г за **начинк**у кондитерскую со вкусом ванили. В том числе НДС 20%, 15833.33 руб."
731,2025-08-08,debit,95000.0,"ООО ""ФРУТКРЕМ БЕЛОВА""",Закупки для производства,начинки / добавки,0.94,крупная сумма,"Оплата по счету № 137 от 25 июля 2025г за **начинк**у кондитерскую со вкусом ванили. В том числе НДС 20%, 15833.33 руб"
915,2025-08-26,debit,95000.0,"ООО ""ФРУТКРЕМ БЕЛОВА""",Закупки для производства,начинки / добавки,0.94,крупная сумма,"Оплата по счету № 150 от 12. 08. 2025г за **начинк**у кондитерскую со вкусом ванили. В том числе НДС 20%, 15833.33 руб"
861,2025-08-22,debit,95000.0,"ООО ""ФРУТКРЕМ БЕЛОВА""",Закупки для производства,начинки / добавки,0.94,крупная сумма,"Оплата по счету № 147 от 08. 08.2025г за **начинк**у кондитерскую со вкусом ванили. В том числе НДС 20%, 15833.33 руб"
686,2025-08-04,debit,95000.0,"ООО ""ФРУТКРЕМ БЕЛОВА""",Закупки для производства,начинки / добавки,0.94,крупная сумма,"Оплата по счету № 133 от 21 июля 2025г за **начинк**у кондитерскую со вкусом ванили. В том числе НДС 20%, 15833.33 руб."
3400,2026-03-17,debit,95000.0,"ООО ""ФРУТКРЕМ БЕЛОВА""",Закупки для производства,начинки / добавки,0.94,крупная сумма,"Оплата по упд № 54 от 15.02.2026. за **начинк**у кондитерскую. В том числе НДС 22%, 17131.15 руб."
1127,2025-09-18,debit,95000.0,"ООО ""ФРУТКРЕМ БЕЛОВА""",Закупки для производства,начинки / добавки,0.94,крупная сумма,"Оплата по упд № 173 от 04.09.2025г за **начинк**у кондитерскую со вкусом ванили. В том числе НДС 20%, 15833.33"
1660,2025-10-29,debit,95000.0,"ООО ""ФРУТКРЕМ БЕЛОВА""",Закупки для производства,начинки / добавки,0.94,крупная сумма,"Оплата по упд № 240 от 13.10.2025г за **начинк**у кондитерскую со вкусом ванили. В том числе НДС 20%, 15833.33 руб."
815,2025-08-18,debit,95000.0,"ООО ""ФРУТКРЕМ БЕЛОВА""",Закупки для производства,начинки / добавки,0.94,крупная сумма,"Оплата по счету № 142 от 02. 08.2025г за **начинк**у кондитерскую со вкусом ванили. В том числе НДС 20%, 15833.33 руб"
2159,2025-12-03,debit,95000.0,"ООО ""ФРУТКРЕМ БЕЛОВА""",Закупки для производства,начинки / добавки,0.94,крупная сумма,"Оплата по упд № 277 от 19.11.2025 за **начинк**у кондитерскую. В том числе НДС 20%, 15833.33 руб."
1696,2025-11-01,debit,95000.0,"ООО ""ФРУТКРЕМ БЕЛОВА""",Закупки для производства,начинки / добавки,0.94,крупная сумма,"Оплата по упд № 230 от 16.10.2025г за **начинк**у кондитерскую со вкусом ванили. В том числе НДС 20%, 15833.33 руб."
1232,2025-09-30,debit,95000.0,"ООО ""ФРУТКРЕМ БЕЛОВА""",Закупки для производства,начинки / добавки,0.94,крупная сумма,"Оплата по счету № 192 от 16.09.2025г за **начинк**у кондитерскую со вкусом ванили. В том числе НДС 20%, 15833.33 руб"
2076,2025-11-28,debit,95000.0,"ООО ""АРТКОНДИ""",Закупки для производства,начинки / добавки,0.94,крупная сумма,"Оплата по счету № 5 от 10.11.2025 за **начинк**у кондитерскую. В том числе НДС 20%, 15833.33 руб5"
1322,2025-10-07,debit,95000.0,"ООО ""ФРУТКРЕМ БЕЛОВА""",Закупки для производства,начинки / добавки,0.94,крупная сумма,"Оплата по упд № 201 от 23.09.2025г за **начинк**у кондитерскую со вкусом ванили. В том числе НДС 20%, 15833.33 руб."
1203,2025-09-26,debit,95000.0,"ООО ""ФРУТКРЕМ БЕЛОВА""",Закупки для производства,начинки / добавки,0.94,крупная сумма,"Оплата по счету № 181 от 12.09.2025г за **начинк**у кондитерскую со вкусом ванили. В том числе НДС 20%, 15833.33 руб"
1865,2025-11-14,debit,95000.0,"ООО ""ФРУТКРЕМ БЕЛОВА""",Закупки для производства,начинки / добавки,0.94,крупная сумма,"Оплата по упд № 257 от 28.10.2025г за **начинк**у кондитерскую со вкусом ванили. В том числе НДС 20%, 15833.33 руб"
1859,2025-11-13,debit,95000.0,"ООО ""АРТКОНДИ""",Закупки для производства,начинки / добавки,0.94,крупная сумма,"Оплата по счету № 2 от 29.10.2025 за **начинк**у кондитерскую ванильную. В том числе НДС 20%, 15833.33 руб."
2231,2025-12-08,debit,95000.0,"ООО ""ФРУТКРЕМ БЕЛОВА""",Закупки для производства,начинки / добавки,0.94,крупная сумма,"Оплата по упд № 281 от 25.11.2025 за **начинк**у кондитерскую. В том числе НДС 20%, 15833.33 руб."
1565,2025-10-23,debit,95000.0,"ООО ""ФРУТКРЕМ БЕЛОВА""",Закупки для производства,начинки / добавки,0.94,крупная сумма,"Оплата по упд № 219 от 06.10.2025г за **начинк**у кондитерскую со вкусом ванили. В том числе НДС 20%, 15833.33 руб"
2355,2025-12-17,debit,95000.0,"ООО ""ФРУТКРЕМ БЕЛОВА""",Закупки для производства,начинки / добавки,0.94,крупная сумма,"Оплата по упд № 290 от 03.12.2025 за **начинк**у кондитерскую. В том числе НДС 20%, 15833.33 руб."
1462,2025-10-17,debit,95000.0,"ООО ""ФРУТКРЕМ БЕЛОВА""",Закупки для производства,начинки / добавки,0.94,крупная сумма,"Оплата по упд № 212 от 03.10.2025г за **начинк**у кондитерскую со вкусом ванили. В том числе НДС 20%, 15833.33 руб"
368,2025-06-23,debit,94200.0,"ООО ""ГИЛЬДИЯ ""РОМБ""",Закупки для производства,сахар,0.94,крупная сумма,"Оплата по сч. № 333 от 23.06.2025, за **маргарин**, **сахар**. В том числе НДС 10%, 8563.64 руб."
773,2025-08-13,debit,94000.0,"ООО ""ТК ""ШЕБЕКИНСКИЙ КАРТОН""",Упаковка и расходники,коробки,0.94,крупная сумма,"Оплата по УПД № 1769 от 23.07.2025 за гофролоток. В том числе НДС 20%, 15666.67 руб. частично."
702,2025-08-05,debit,91200.0,"ООО ""ТРАСТИНГ""",Закупки для производства,масло / жиры,0.94,крупная сумма,"Оплата по счету № 3117 от 05.08.2025 за **маргарин**, **масло** подсолнечное. В том числе НДС 10%, 8290.91 руб."
3449,2026-03-20,debit,90200.0,"ООО ""КЗГ""",Упаковка и расходники,печатные формы,0.86,крупная сумма,"Оплата по упд № 107 от 23.02.2026. за гофро**короб**. В том числе НДС 22%, 16265.57 руб."
1062,2025-09-12,debit,90000.0,"ООО ""ФРУТКРЕМ БЕЛОВА""",Закупки для производства,начинки / добавки,0.94,крупная сумма,"Оплата по упд № 169 от 27. 08.2025г за **начинк**у кондитерскую со вкусом ванили. В том числе НДС 20%, 15000.00 руб."
1152,2025-09-22,debit,90000.0,"ООО ""МЕЛАНЖ""",Закупки для производства,яйца / меланж,0.94,крупная сумма,"Оплата по УПД № 1947 от 09.09.2025. за **меланж** пастеризованный, **белок** пастер. жидкий охлажденный. В том числе НДС 10%, 8181.82 руб."
4103,2026-05-04,debit,90000.0,Казначейство России ( ФНС России),"Налоги, взносы, штрафы",неизвестно,0.95,крупная сумма,Единый налоговый платеж. НДС не облагается
3362,2026-03-16,debit,90000.0,"ООО ""КЗГ""",Упаковка и расходники,печатные формы,0.86,крупная сумма,"Оплата по счету № 110 от 23.02.2026. за печатные формы. В том числе НДС 22%, 16229.51 руб. частично"
555,2025-07-18,debit,85500.0,"ООО ""МЕЛАНЖ""",Закупки для производства,яйца / меланж,0.94,крупная сумма,"Оплата по УПД № 1410 от 30.06.2025, за **белок** пастеризованный, **меланж** пастеризованный В том числе НДС 10%, 7772.73 руб.410"
3551,2026-03-27,debit,84800.0,"ООО ""РАДУГА Н""",Закупки для производства,молочная продукция / сгущёнка,0.94,крупная сумма,"Оплата по счету № 74 от 10.03.2026. . за кондитерскую глазурь , молокосод. продукт. В том числе НДС 22%, 15291.80 руб."
786,2025-08-15,credit,84720.0,"ООО ""ТОРГСЕРВИС 50"" Р/С 40702810240000030714 в ПАО Сбербанк г Москва",Выручка от клиентов,оплата,0.86,крупная сумма,ОПЛАТА ЗА ТОВАР СОГЛАСНО **ДОГОВОР**У ПОСТАВКИ № ТС50/25-241ПМСК ОТ 31.12.2024 МО ГО МЫТИЩИ Г МЫТИЩИ ЯРОСЛАВСКОЕ Ш СТР 118Б. СУММА 84720-00 В Т.Ч. НДС(10%) 7701-82
2506,2025-12-26,debit,83600.0,"ООО ""ФРУТКРЕМ БЕЛОВА""",Закупки для производства,начинки / добавки,0.94,крупная сумма,"Оплата по упд № 302 от 13.12.2025 за **начинк**у кондитерскую. В том числе НДС 20%, 13933.33 руб."
1661,2025-10-29,debit,82500.0,"ООО ""МЕЛАНЖ""",Закупки для производства,яйца / меланж,0.94,крупная сумма,"Оплата по УПД № 2777 от 10.10.2025. за **меланж** яичный пастеризованный. В том числе НДС 10%, 7500.00 руб."
329,2025-06-18,debit,82500.0,"ООО ""ГИЛЬДИЯ ""РОМБ""",Закупки для производства,масло / жиры,0.94,крупная сумма,"Оплата по сч. № 326 от 18.06.2025, за **маргарин**. В том числе НДС 10%, 7500.00 руб."
528,2025-07-16,debit,82500.0,"ООО ""ГИЛЬДИЯ ""РОМБ""",Закупки для производства,масло / жиры,0.94,крупная сумма,"Оплата по сч. № 385 от 16.07.2025г. за **маргарин** для слоеных мизделий.. В том числе НДС 10%, 7500.00"
1199,2025-09-25,debit,82500.0,"ООО ""МЕЛАНЖ""",Закупки для производства,яйца / меланж,0.94,крупная сумма,"Оплата по УПД № 1961 от 10.09.2025. за **меланж** пастеризованный, **белок** пастер. жидкий охлажденный. В том числе НДС 10%, 7500.00 руб."
1283,2025-10-03,debit,81700.0,"ООО ""ФРУТКРЕМ БЕЛОВА""",Закупки для производства,начинки / добавки,0.94,крупная сумма,"Оплата по счету № 195 от 19.09.2025г за **начинк**у кондитерскую со вкусом ванили. В том числе НДС 20%, 13616.67 руб."
1640,2025-10-28,debit,80000.0,Казначейство России ( ФНС России),"Налоги, взносы, штрафы",неизвестно,0.95,крупная сумма,Единый налоговый платеж. НДС не облагается
1240,2025-10-01,debit,80000.0,"ООО ""МЕЛАНЖ""",Закупки для производства,яйца / меланж,0.94,крупная сумма,"Оплата по УПД № 2015 от 10.09.2025. за **меланж** пастеризованный, **белок** пастер. жидкий охлажденный. В том числе НДС 10%, 7272.73 руб7"
1535,2025-10-22,debit,77993.0,Мишаткина Марина Викторовна,Персонал,подрядчики,0.89,крупная сумма,Оплата по **договор**у № 12/2024 от 5 декабря 2024г за **услуги**. НДС не облагается
1962,2025-11-20,debit,77230.0,Мишаткина Марина Викторовна,Персонал,подрядчики,0.89,крупная сумма,Оплата по **договор**у № 12/2024 от 5 декабря 2024г за **услуги**. НДС не облагается
2453,2025-12-22,debit,76955.0,Мишаткина Марина Викторовна,Персонал,подрядчики,0.89,крупная сумма,Оплата по **договор**у № 12/2024 от 5 декабря 2024г за **услуги**. НДС не облагается
588,2025-07-22,debit,76290.0,Мишаткина Марина Викторовна,Персонал,подрядчики,0.89,крупная сумма,Оплата по **договор**у № 12/2024 от 5 декабря 2024г за **услуги**. НДС не облагается
1402,2025-10-13,debit,76000.0,"ООО ""ФРУТКРЕМ БЕЛОВА""",Закупки для производства,начинки / добавки,0.94,крупная сумма,"Оплата по упд № 201 от 26.09.2025г за **начинк**у кондитерскую со вкусом ванили. В том числе НДС 20%, 12666.67 руб"
1161,2025-09-22,debit,75653.0,Мишаткина Марина Викторовна,Персонал,подрядчики,0.89,крупная сумма,Оплата по **договор**у № 12/2024 от 5 декабря 2024г за **услуги**. НДС не облагается
3516,2026-03-24,debit,75349.0,Мишаткина Марина Викторовна,Персонал,подрядчики,0.89,крупная сумма,Оплата по **договор**у № 12/2024 от 5 декабря 2024г за **услуги**. НДС не облагается
462,2025-07-09,debit,75274.59,"ООО ""ТК ""ШЕБЕКИНСКИЙ КАРТОН""",Упаковка и расходники,коробки,0.94,крупная сумма,"Оплата по УПД № 1425 от 14.06.2025 за гофролоток. В том числе НДС 20%, 12545.77 руб. частично."
2767,2026-01-27,debit,75155.0,Мишаткина Марина Викторовна,Персонал,подрядчики,0.89,крупная сумма,Оплата по **договор**у № 12/2024 от 5 декабря 2024г за **услуги**. НДС не облагается
1771,2025-11-06,debit,75100.0,Мишаткина Марина Викторовна,Персонал,подрядчики,0.89,крупная сумма,Оплата по **договор**у № 12/2024 от 5 декабря 2024г за **услуги**. НДС не облагается
2969,2026-02-13,debit,75000.0,"ООО ""ФРУТКРЕМ БЕЛОВА""",Закупки для производства,начинки / добавки,0.94,крупная сумма,"Оплата по упд № 30 от 25.01.2026. за **начинк**у кондитерскую. В том числе НДС 22%, 13524.59 руб."
3996,2026-04-27,debit,74900.0,Мишаткина Марина Викторовна,Персонал,подрядчики,0.89,крупная сумма,Оплата по **договор**у № 12/2024 от 5 декабря 2024г за **услуги**. НДС не облагается
3160,2026-02-26,debit,74830.0,Мишаткина Марина Викторовна,Персонал,подрядчики,0.89,крупная сумма,Оплата по **договор**у № 12/2024 от 5 декабря 2024г за **услуги**. НДС не облагается
1020,2025-09-08,debit,74150.0,Мишаткина Марина Викторовна,Персонал,подрядчики,0.89,крупная сумма,Оплата по **договор**у № 12/2024 от 5 декабря 2024г за **услуги**. НДС не облагается
1320,2025-10-07,debit,74100.0,Мишаткина Марина Викторовна,Персонал,подрядчики,0.89,крупная сумма,Оплата по **договор**у № 12/2024 от 5 декабря 2024г за **услуги**. НДС не облагается
2171,2025-12-05,debit,73893.0,Мишаткина Марина Викторовна,Персонал,подрядчики,0.89,крупная сумма,Оплата по **договор**у № 12/2024 от 5 декабря 2024г за **услуги**. НДС не облагается
2563,2025-12-30,debit,73893.0,Мишаткина Марина Викторовна,Персонал,подрядчики,0.89,крупная сумма,Оплата по **договор**у № 12/2024 от 5 декабря 2024г за **услуги**. НДС не облагается
1223,2025-09-29,credit,73260.0,"ООО ""ТОРГСЕРВИС 150"" Р/С 40702810640000075201 в ПАО Сбербанк г Москва",Выручка от клиентов,оплата,0.86,крупная сумма,ОПЛАТА ЗА ТОВАР СОГЛАСНО **ДОГОВОР**У ПОСТАВКИ № ТС150/25-241ПМСК ОТ 31.12.2024 МОСКВА ВТ МИТИНО ПЯТНИЦКОЕ Ш Д 3. СУММА 73260-00 В Т.Ч. НДС(10%) 6660-00
700,2025-08-05,debit,73241.0,Мишаткина Марина Викторовна,Персонал,подрядчики,0.89,крупная сумма,Оплата по **договор**у № 12/2024 от 5 декабря 2024г за **услуги**. НДС не облагается
1130,2025-09-18,debit,72500.0,"ООО ""МЕЛАНЖ""",Закупки для производства,яйца / меланж,0.94,крупная сумма,"Оплата по УПД № 1883 от 02.09.2025. за **меланж** пастеризованный, **белок** пастер. жидкий охлажденный. В том числе НДС 10%, 6590.91"
1785,2025-11-07,credit,72470.0,"ООО ""ТОРГСЕРВИС 150"" Р/С 40702810640000407989 в ПАО Сбербанк г Москва",Выручка от клиентов,оплата,0.86,крупная сумма,ОПЛАТА ЗА ТОВАР СОГЛАСНО **ДОГОВОР**У ПОСТАВКИ № ТС150/25-241ПМСК ОТ 31.12.2024 МО ГО ПОДОЛЬСК МКР КЛИМОВСК УЛ МОСКОВСКАЯ Д 15А. СУММА 72470-00В Т.Ч. НДС(10%) 6588-18
3675,2026-04-06,debit,72450.0,"ООО ""КЗГ""",Упаковка и расходники,печатные формы,0.86,крупная сумма,"Оплата по упд № 117 от 26.02.2026. за гофро**короб**. В том числе НДС 22%, 13064.75 руб."
1739,2025-11-05,debit,72200.0,"ООО ""ФРУТКРЕМ БЕЛОВА""",Закупки для производства,начинки / добавки,0.94,крупная сумма,"Оплата по упд № 242 от 19.10.2025г за **начинк**у кондитерскую со вкусом ванили. В том числе НДС 20%, 12033.33 руб."
1891,2025-11-17,debit,72100.0,"ООО ""АРТКОНДИ""",Закупки для производства,начинки / добавки,0.94,крупная сумма,"Оплата по счету № 1 от 29.10.2025 за **начинк**у кондитерскую ванильную, фруктовую. В том числе НДС 20%, 12016.67 руб."
836,2025-08-20,debit,71843.0,Мишаткина Марина Викторовна,Персонал,подрядчики,0.89,крупная сумма,Оплата по **договор**у № 12/2024 от 5 декабря 2024г за **услуги**. НДС не облагается
2955,2026-02-10,debit,71156.0,Мишаткина Марина Викторовна,Персонал,подрядчики,0.89,крупная сумма,Оплата по **договор**у № 12/2024 от 5 декабря 2024г за **услуги**. НДС не облагается
3795,2026-04-13,debit,71100.0,Мишаткина Марина Викторовна,Персонал,подрядчики,0.89,крупная сумма,Оплата по **договор**у № 12/2024 от 5 декабря 2024г за **услуги**. НДС не облагается
3300,2026-03-11,debit,70996.0,Мишаткина Марина Викторовна,Персонал,подрядчики,0.89,крупная сумма,Оплата по **договор**у № 12/2024 от 5 декабря 2024г за **услуги**. НДС не облагается
369,2025-06-25,debit,70200.0,"ООО ""ГИЛЬДИЯ ""РОМБ""",Закупки для производства,масло / жиры,0.94,крупная сумма,"Оплата по сч. № 341 от 25.06.2025, за **маргарин**. В том числе НДС 10%, 6381.82 руб"
2320,2025-12-15,credit,70070.0,"ООО ""ТОРГСЕРВИС 150"" Р/С 40702810640000407989 в ПАО Сбербанк г Москва",Выручка от клиентов,оплата,0.86,крупная сумма,ОПЛАТА ЗА ТОВАР СОГЛАСНО **ДОГОВОР**У ПОСТАВКИ № ТС150/25-241ПМСК ОТ 31.12.2024 МО ГО ПОДОЛЬСК МКР КЛИМОВСК УЛ МОСКОВСКАЯ Д 15А. СУММА 70070-00В Т.Ч. НДС(10%) 6370-00
1405,2025-10-13,debit,70000.0,"ООО ""ТК ""ШЕБЕКИНСКИЙ КАРТОН""",Упаковка и расходники,коробки,0.94,крупная сумма,"Оплата по УПД № 2299 от 21.09.2025 за гофролоток 295 195 76. частично. В том числе НДС 20%, 11666.67 руб."
418,2025-07-01,debit,70000.0,"ООО ""ТК ""ШЕБЕКИНСКИЙ КАРТОН""",Упаковка и расходники,коробки,0.94,крупная сумма,"Оплата по УПД № 1425 от 14.06.2025 за гофролоток. В том числе НДС 20%, 11666.67 руб. частично."
1637,2025-10-28,debit,70000.0,"ООО ""ФРУТКРЕМ БЕЛОВА""",Закупки для производства,начинки / добавки,0.94,крупная сумма,"Оплата по упд № 221 от 10.10.2025г за **начинк**у кондитерскую со вкусом ванили. В том числе НДС 20%, 11666.67 руб. частично"
3094,2026-02-24,debit,70000.0,"ООО ""РАДУГА Н""",Закупки для производства,молочная продукция / сгущёнка,0.94,крупная сумма,"Оплата по счету № 51 от 19.02.2026. за молокосодержащий продукт, кондитерскую глазурь. В том числе НДС 22%, 12622.95 руб."
3962,2026-04-24,debit,70000.0,"ООО ""ФРУТКРЕМ БЕЛОВА""",Закупки для производства,начинки / добавки,0.94,крупная сумма,"Оплата по упд № 106 от 25.03.2026. за **начинк**у кондитерскую. В том числе НДС 22%, 12622.95 руб. частично"
379,2025-06-25,debit,70000.0,"ООО ""ТК ""ШЕБЕКИНСКИЙ КАРТОН""",Упаковка и расходники,коробки,0.94,крупная сумма,"Оплата по УПД № 1425 от 14.06.2025 за гофролоток. В том числе НДС 20%, 11666.67 руб. частично."
1227,2025-09-29,credit,69490.0,"ООО ""ТОРГСЕРВИС 50"" Р/С 40702810940000064297 в ПАО Сбербанк г Москва",Выручка от клиентов,оплата,0.86,крупная сумма,ОПЛАТА ЗА ТОВАР СОГЛАСНО **ДОГОВОР**У ПОСТАВКИ № ТС50/25-241ПМСК ОТ 31.12.2024 МО ГО РАМЕНСКИЙ С БОРШЕВА СТР 1/5. СУММА 69490-00 В Т.Ч. НДС(10%) 6317-27
2331,2025-12-15,debit,30000.0,"ООО ""ППР""",Профессиональные услуги,прочие услуги по договору,0.72,низкая уверенность,"Оплата по **договор**у № 77600100252491125 от 13.11.2025г. В том числе НДС 20%, 5000.00 руб."
2587,2026-01-06,debit,30000.0,"ООО ""ППР""",Профессиональные услуги,прочие услуги по договору,0.72,низкая уверенность,"Оплата по **договор**у № 77600100252491125 от 13.11.2025г. В том числе НДС 20%, 5000.00 руб."
2508,2025-12-26,debit,30000.0,"ООО ""ППР""",Профессиональные услуги,прочие услуги по договору,0.72,низкая уверенность,"Оплата по **договор**у № 77600100252491125 от 13.11.2025г. В том числе НДС 20%, 5000.00 руб."
3032,2026-02-16,debit,30000.0,"ООО ""ППР""",Профессиональные услуги,прочие услуги по договору,0.72,низкая уверенность,"Оплата по **договор**у № 77600100252491125 от 13.11.2025г. В том числе НДС 22%, 5409.84 руб."
2772,2026-01-28,debit,30000.0,"ООО ""ППР""",Профессиональные услуги,прочие услуги по договору,0.72,низкая уверенность,"Оплата по **договор**у № 77600100252491125 от 13.11.2025г. В том числе НДС 20%, 5000.00 руб."
2941,2026-02-09,debit,30000.0,"ООО ""ППР""",Профессиональные услуги,прочие услуги по договору,0.72,низкая уверенность,"Оплата по **договор**у № 77600100252491125 от 13.11.2025г. В том числе НДС 20%, 5000.00 руб."
2676,2026-01-14,debit,30000.0,"ООО ""ППР""",Профессиональные услуги,прочие услуги по договору,0.72,низкая уверенность,"Оплата по **договор**у № 77600100252491125 от 13.11.2025г. В том числе НДС 20%, 5000.00 руб."
2282,2025-12-11,debit,30000.0,"ООО ""ППР""",Профессиональные услуги,прочие услуги по договору,0.72,низкая уверенность,"Оплата по **договор**у № 77600100252491125 от 13.11.2025г. В том числе НДС 20%, 5000.00 руб."
2176,2025-12-05,debit,30000.0,"ООО ""ППР""",Профессиональные услуги,прочие услуги по договору,0.72,низкая уверенность,"Оплата по **договор**у № 77600100252491125 от 13.11.2025г. В том числе НДС 20%, 5000.00 руб."
1965,2025-11-20,debit,30000.0,"ООО ""ППР""",Профессиональные услуги,прочие услуги по договору,0.72,низкая уверенность,"Оплата по **договор**у № 77600100252491125 от 13.11.2025г. В том числе НДС 20%, 5000.00 руб."
3077,2026-02-19,debit,30000.0,"ООО ""ППР""",Профессиональные услуги,прочие услуги по договору,0.72,низкая уверенность,"Оплата по **договор**у № 77600100252491125 от 13.11.2025г. В том числе НДС 22%, 5409.84 руб."
2713,2026-01-19,debit,30000.0,"ООО ""ППР""",Профессиональные услуги,прочие услуги по договору,0.72,низкая уверенность,"Оплата по **договор**у № 77600100252491125 от 13.11.2025г. В том числе НДС 20%, 5000.00 руб."
2047,2025-11-25,debit,30000.0,"ООО ""ППР""",Профессиональные услуги,прочие услуги по договору,0.72,низкая уверенность,"Оплата по **договор**у № 77600100252491125 от 13.11.2025г. В том числе НДС 20%, 5000.00 руб."
2454,2025-12-22,debit,30000.0,"ООО ""ППР""",Профессиональные услуги,прочие услуги по договору,0.72,низкая уверенность,"Оплата по **договор**у № 77600100252491125 от 13.11.2025г. В том числе НДС 20%, 5000.00 руб."
2864,2026-02-03,debit,30000.0,"ООО ""ППР""",Профессиональные услуги,прочие услуги по договору,0.72,низкая уверенность,"Оплата по **договор**у № 77600100252491125 от 13.11.2025г. В том числе НДС 20%, 5000.00 руб."
3179,2026-02-27,debit,20000.0,"ООО ""ППР""",Профессиональные услуги,прочие услуги по договору,0.72,низкая уверенность,"Оплата по **договор**у № 77600100252491125 от 13.11.2025г. В том числе НДС 22%, 3606.56 руб."
3889,2026-04-20,debit,20000.0,"ООО ""ППР""",Профессиональные услуги,прочие услуги по договору,0.72,низкая уверенность,"Оплата по **договор**у № 77600100252491125 от 13.11.2025г. В том числе НДС 22%, 3606.56 руб."
3238,2026-03-03,debit,20000.0,"ООО ""ППР""",Профессиональные услуги,прочие услуги по договору,0.72,низкая уверенность,"Оплата по **договор**у № 77600100252491125 от 13.11.2025г. В том числе НДС 22%, 3606.56 руб."
3618,2026-03-31,debit,20000.0,"ООО ""ППР""",Профессиональные услуги,прочие услуги по договору,0.72,низкая уверенность,"Оплата по **договор**у № 77600100252491125 от 13.11.2025г. В том числе НДС 22%, 3606.56 руб."
3800,2026-04-13,debit,20000.0,"ООО ""ППР""",Профессиональные услуги,прочие услуги по договору,0.72,низкая уверенность,"Оплата по **договор**у № 77600100252491125 от 13.11.2025г. В том числе НДС 22%, 3606.56 руб."
3616,2026-03-30,debit,20000.0,"ООО ""ППР""",Профессиональные услуги,прочие услуги по договору,0.72,низкая уверенность,"Оплата по **договор**у № 77600100252491125 от 13.11.2025г. В том числе НДС 22%, 3606.56 руб."
3407,2026-03-17,debit,20000.0,"ООО ""ППР""",Профессиональные услуги,прочие услуги по договору,0.72,низкая уверенность,"Оплата по **договор**у № 77600100252491125 от 13.11.2025г. В том числе НДС 22%, 3606.56 руб."
3450,2026-03-20,debit,20000.0,"ООО ""ППР""",Профессиональные услуги,прочие услуги по договору,0.72,низкая уверенность,"Оплата по **договор**у № 77600100252491125 от 13.11.2025г. В том числе НДС 22%, 3606.56 руб."
3476,2026-03-23,debit,20000.0,"ООО ""ППР""",Профессиональные услуги,прочие услуги по договору,0.72,низкая уверенность,"Оплата по **договор**у № 77600100252491125 от 13.11.2025г. В том числе НДС 22%, 3606.56 руб."
3342,2026-03-13,debit,15000.0,"ООО ""ППР""",Профессиональные услуги,прочие услуги по договору,0.72,низкая уверенность,"Оплата по **договор**у № 77600100252491125 от 13.11.2025г. В том числе НДС 22%, 2704.92 руб."
3965,2026-04-24,debit,15000.0,"ООО ""ППР""",Профессиональные услуги,прочие услуги по договору,0.72,низкая уверенность,"Оплата по **договор**у № 77600100252491125 от 13.11.2025г. В том числе НДС 22%, 2704.92 руб."
3774,2026-04-09,debit,15000.0,"ООО ""ППР""",Профессиональные услуги,прочие услуги по договору,0.72,низкая уверенность,"Оплата по **договор**у № 77600100252491125 от 13.11.2025г. В том числе НДС 22%, 2704.92 руб."
3650,2026-04-02,debit,15000.0,"ООО ""ППР""",Профессиональные услуги,прочие услуги по договору,0.72,низкая уверенность,"Оплата по **договор**у № 77600100252491125 от 13.11.2025г. В том числе НДС 22%, 2704.92 руб."
4086,2026-04-30,debit,10000.0,"ООО ""ППР""",Профессиональные услуги,прочие услуги по договору,0.72,низкая уверенность,"Оплата по **договор**у № 77600100252491125 от 13.11.2025г. В том числе НДС 22%, 1803.28 руб."
4107,2026-05-04,debit,10000.0,"ООО ""ППР""",Профессиональные услуги,прочие услуги по договору,0.72,низкая уверенность,"Оплата по **договор**у № 77600100252491125 от 13.11.2025г. В том числе НДС 22%, 1803.28 руб."
4178,2026-05-08,debit,10000.0,"ООО ""ППР""",Профессиональные услуги,прочие услуги по договору,0.72,низкая уверенность,"Оплата по **договор**у № 77600100252491125 от 13.11.2025г. В том числе НДС 22%, 1803.28 руб."
3292,2026-03-10,debit,8000.0,"ООО ""ППР""",Профессиональные услуги,прочие услуги по договору,0.72,низкая уверенность,"Оплата по **договор**у № 77600100252491125 от 13.11.2025г. В том числе НДС 22%, 1442.62 руб."
3512,2026-03-24,debit,5793.3,Семейкин Лев Петрович,Неизвестно / требуется проверка,неизвестно,0.0,неизвестная категория; низкая уверенность,Оплата по **претенз**ии от 08.02.2026. получено 13.03.2026г. НДС не облагается
3857,2026-04-17,debit,4000.0,"ООО ""ППР""",Профессиональные услуги,прочие услуги по договору,0.72,низкая уверенность,"Оплата по **договор**у № 77600100252491125 от 13.11.2025г. В том числе НДС 22%, 721.31 руб."
1868,2025-11-14,debit,2000.0,"ООО ""ППР""",Профессиональные услуги,прочие услуги по договору,0.72,низкая уверенность,"Оплата по **договор**у № 77600100252491125 от 13.11.2025г. В том числе НДС 20%, 333.33 руб."
